"position";"roster.name";"sort_order";"cost";"edition"
"Eagle Warrior Linewoman";"Amazon";1;50;"bb2020"
"Eagle Warrior";"Amazon";1;50;"bb2025"
"Python Warrior Thrower";"Amazon";2;80;"bb2020"
"Python Warrior";"Amazon";2;80;"bb2025"
"Piranha Warrior Blitzer";"Amazon";3;90;"bb2020"
"Piranha Warrior";"Amazon";3;90;"bb2025"
"Jaguar Warrior Blocker";"Amazon";4;110;"bb2020"
"Jaguar Warrior";"Amazon";4;110;"bb2025"
"Jaguar Warrior Blocker";"Amazon";4;110;"bb2025"
"rerolls";"Amazon";5;50;"bb2020"
"rerolls";"Amazon";5;60;"bb2025"
"apothecary";"Amazon";6;50;"bb2020"
"apothecary";"Amazon";6;50;"bb2025"
"1 bribe";"Amazon";7;100;"bb2020"
"1 bribe";"Amazon";7;100;"bb2025"
"2 bribes";"Amazon";8;200;"bb2020"
"2 bribes";"Amazon";8;200;"bb2025"
"assistantCoaches";"Amazon";9;10;"bb2020"
"assistantCoaches";"Amazon";9;10;"bb2025"
"cheerleaders";"Amazon";10;10;"bb2020"
"cheerleaders";"Amazon";10;10;"bb2025"
"1 bloodweiser keg";"Amazon";11;50;"bb2020"
"Star player Akhorne the Squirrel";"Amazon";11;80;"bb2020"
"BlitzerBestKeg";"Amazon";11;50;"bb2025"
"1 team mascot";"Amazon";12;25;"bb2025"
"Star player Grombrindal";"Amazon";12;210;"bb2020"
"Star player Zolcath the Zoat";"Amazon";13;230;"bb2020"
"the White Dwarf";"Amazon";14;210;"bb2020"
"Star player Akhorne the Squirrel";"Amazon";21;80;"bb2025"
"Star player Zolcath the Zoat";"Amazon";22;220;"bb2025"
"Tribal Linewoman";"Amazon Eurobowl 2022";1;50;"bb2020"
"Eagle Warrior Thrower";"Amazon Eurobowl 2022";2;75;"bb2020"
"Piranha Warrior Catcher";"Amazon Eurobowl 2022";3;75;"bb2020"
"Koka Kalim Blitzer";"Amazon Eurobowl 2022";4;90;"bb2020"
"rerolls";"Amazon Eurobowl 2022";5;50;"bb2020"
"apothecary";"Amazon Eurobowl 2022";6;50;"bb2020"
"1 bribe";"Amazon Eurobowl 2022";7;100;"bb2020"
"2 bribes";"Amazon Eurobowl 2022";8;200;"bb2020"
"assistantCoaches";"Amazon Eurobowl 2022";9;10;"bb2020"
"cheerleaders";"Amazon Eurobowl 2022";20;10;"bb2020"
"Eagle Warrior Linewoman";"Amazon Team of Legend";1;50;"bb2020"
"Python Warrior Thrower";"Amazon Team of Legend";2;80;"bb2020"
"Koka Kalim Blitzer";"Amazon Team of Legend";3;90;"bb2020"
"Piranha Warrior Catcher";"Amazon Team of Legend";4;75;"bb2020"
"rerolls";"Amazon Team of Legend";7;50;"bb2020"
"apothecary";"Amazon Team of Legend";8;50;"bb2020"
"2 bloodweiser babes";"Amazon Team of Legend";11;100;"bb2020"
"Star player Mighty Zug";"Amazon Team of Legend";12;260;"bb2020"
"Star player Morg 'n' Thorg";"Amazon Team of Legend";13;380;"bb2020"
"Star player Grombrindal";"Amazon Team of Legend";14;210;"bb2020"
"the White Dwarf";"Amazon Team of Legend";15;210;"bb2020"
"Star player Zolcath the Zoat";"Amazon Team of Legend";16;230;"bb2020"
"1 bribe";"Amazon Team of Legend";17;100;"bb2020"
"cheerleaders";"Amazon Team of Legend";18;10;"bb2020"
"assistantCoaches";"Amazon Team of Legend";19;10;"bb2020"
"Goblin Bruiser Lineman";"Black Orc";1;45;"bb2020"
"Goblin Bruiser";"Black Orc";1;45;"bb2025"
"Black Orc";"Black Orc";2;90;"bb2020"
"Black Orc";"Black Orc";2;90;"bb2025"
"Trained Troll";"Black Orc";3;115;"bb2020"
"Trained Troll";"Black Orc";3;115;"bb2025"
"Star player Bomber Dribblesnot";"Black Orc";4;50;"bb2020"
"Star player Bomber Dribblesnot";"Black Orc";4;50;"bb2025"
"apothecary";"Black Orc";5;50;"bb2020"
"rerolls";"Black Orc";5;60;"bb2020"
"apothecary";"Black Orc";5;50;"bb2025"
"rerolls";"Black Orc";5;60;"bb2025"
"1 bribe";"Black Orc";6;50;"bb2020"
"1 bribe";"Black Orc";6;50;"bb2025"
"bribes";"Black Orc";6;50;"bb2025"
"assistantCoaches";"Black Orc";9;10;"bb2020"
"assistantCoaches";"Black Orc";9;10;"bb2025"
"1 part-time assistant coach";"Black Orc";10;20;"bb2020"
"1 part-time assistant coach";"Black Orc";10;20;"bb2025"
"2 bribes";"Black Orc";11;100;"bb2020"
"3 part-time assistant coaches";"Black Orc";11;60;"bb2020"
"2 bribes";"Black Orc";11;100;"bb2025"
"3 part-time assistant coaches";"Black Orc";11;60;"bb2025"
"3 bribes";"Black Orc";12;150;"bb2020"
"3 bribes";"Black Orc";12;150;"bb2025"
"Star player Fungus the Loon";"Black Orc";13;80;"bb2020"
"Star player Fungus the Loon";"Black Orc";13;80;"bb2025"
"Star player The Black Gobbo";"Black Orc";14;225;"bb2020"
"Star player The Black Gobbo";"Black Orc";14;225;"bb2025"
"Star player Varag Ghoul-Chewer";"Black Orc";15;280;"bb2020"
"Star player Varag Ghoul-Chewer";"Black Orc";15;280;"bb2025"
"Star player Scrappa Sorehead";"Black Orc";16;130;"bb2020"
"Star player Scrappa Sorehead";"Black Orc";16;130;"bb2025"
"Star player Ripper Bolgrot";"Black Orc";17;250;"bb2020"
"Star player Ripper Bolgrot";"Black Orc";17;250;"bb2025"
"Star player Nobbla Blackwart";"Black Orc";18;120;"bb2020"
"Star player Nobbla Blackwart";"Black Orc";18;120;"bb2025"
"Star player H'Thark the Unstoppable";"Black Orc";19;300;"bb2020"
"Star player H'Thark the Unstoppable";"Black Orc";19;300;"bb2025"
"cheerleaders";"Black Orc";20;10;"bb2020"
"cheerleaders";"Black Orc";20;10;"bb2025"
"Bretonnian Squire";"Bretonnian";1;50;"bb2025"
"Bretonnian Knight Catcher";"Bretonnian";2;85;"bb2025"
"Bretonnian Knight Thrower";"Bretonnian";3;80;"bb2025"
"Grail Knight";"Bretonnian";4;95;"bb2025"
"rerolls";"Bretonnian";7;60;"bb2025"
"1 bribe";"Bretonnian";8;100;"bb2025"
"1 bloodweiser keg";"Bretonnian";9;50;"bb2025"
"apothecary";"Bretonnian";10;50;"bb2025"
"assistantCoaches";"Bretonnian";11;10;"bb2025"
"1 team mascot";"Bretonnian";12;25;"bb2025"
"cheerleaders";"Bretonnian";20;10;"bb2025"
"Star player Mighty Zug";"Bretonnian";21;220;"bb2025"
"Star player Skrorg Snowpelt";"Bretonnian";22;240;"bb2025"
"Beastman Runner Lineman";"Chaos Chosen";1;60;"bb2020"
"Beastmen Lineman";"Chaos Chosen";1;60;"bb2025"
"Beastman Lineman";"Chaos Chosen";1;60;"bb2025"
"Beastman Runner Lineman";"Chaos Chosen";1;60;"bb2025"
"Chosen Blocker";"Chaos Chosen";2;100;"bb2020"
"Chaos Chosen";"Chaos Chosen";2;100;"bb2025"
"Chaos Ogre";"Chaos Chosen";3;140;"bb2020"
"Ogre";"Chaos Chosen";3;140;"bb2025"
"Chaos Troll";"Chaos Chosen";4;115;"bb2020"
"Troll";"Chaos Chosen";4;115;"bb2025"
"Chaos Troll";"Chaos Chosen";4;115;"bb2025"
"Minotaur";"Chaos Chosen";5;150;"bb2020"
"Minotaur";"Chaos Chosen";5;150;"bb2025"
"apothecary";"Chaos Chosen";6;50;"bb2020"
"apothecary";"Chaos Chosen";6;50;"bb2025"
"rerolls";"Chaos Chosen";7;60;"bb2020"
"rerolls";"Chaos Chosen";7;60;"bb2025"
"assistantCoaches";"Chaos Chosen";9;10;"bb2020"
"assistantCoaches";"Chaos Chosen";9;10;"bb2025"
"1 bloodweiser keg";"Chaos Chosen";10;50;"bb2020"
"1 bloodweiser keg";"Chaos Chosen";10;50;"bb2025"
"1 bribe";"Chaos Chosen";11;100;"bb2020"
"1 bribe";"Chaos Chosen";11;100;"bb2025"
"Star player Hakflem Skuttlespike";"Chaos Chosen";12;210;"bb2020"
"Star player Hakflem Skuttlespike";"Chaos Chosen";12;210;"bb2025"
"Star player Skitter Stab-Stab";"Chaos Chosen";13;150;"bb2020"
"Star player Skitter Stab-Stab";"Chaos Chosen";13;150;"bb2025"
"Star player Lord Borak the Despoiler";"Chaos Chosen";14;260;"bb2020"
"Star player Lord Borak the Despoiler";"Chaos Chosen";14;260;"bb2025"
"Star player H'Thark the Unstoppable";"Chaos Chosen";15;300;"bb2020"
"Star player H'Thark the Unstoppable";"Chaos Chosen";15;300;"bb2025"
"Star player Grashnak Blackhoof";"Chaos Chosen";16;240;"bb2020"
"Star player Grashnak Blackhoof";"Chaos Chosen";16;240;"bb2025"
"Star player Glart Smashrip";"Chaos Chosen";17;195;"bb2020"
"Star player Glart Smashrip";"Chaos Chosen";17;195;"bb2025"
"cheerleaders";"Chaos Chosen";20;10;"bb2020"
"cheerleaders";"Chaos Chosen";20;10;"bb2025"
"Hobgoblin Lineman";"Chaos Dwarf";1;40;"bb2020"
"Hobgoblin Lineman";"Chaos Dwarf";1;40;"bb2025"
"Hobgoblin Sneaky Stabba";"Chaos Dwarf";2;70;"bb2020"
"Sneaky Stabba";"Chaos Dwarf";2;70;"bb2025"
"Chaos Dwarf Blocker";"Chaos Dwarf";3;70;"bb2020"
"Chaos Dwarf Blocker";"Chaos Dwarf";3;70;"bb2025"
"Chaos Dwarf Flamesmith";"Chaos Dwarf";4;80;"bb2020"
"Flamesmith";"Chaos Dwarf";4;80;"bb2025"
"Bull Centaur Blitzer";"Chaos Dwarf";5;130;"bb2020"
"Bull Centaur";"Chaos Dwarf";5;130;"bb2025"
"Bull Centaur Blitzer";"Chaos Dwarf";5;130;"bb2025"
"Enslaved Minotaur";"Chaos Dwarf";6;150;"bb2020"
"Minotaur";"Chaos Dwarf";6;150;"bb2020"
"Minotaur";"Chaos Dwarf";6;150;"bb2025"
"rerolls";"Chaos Dwarf";7;70;"bb2020"
"cheerleaders";"Chaos Dwarf";7;10;"bb2020"
"rerolls";"Chaos Dwarf";7;70;"bb2025"
"cheerleaders";"Chaos Dwarf";7;10;"bb2025"
"apothecary";"Chaos Dwarf";8;50;"bb2020"
"apothecary";"Chaos Dwarf";8;50;"bb2025"
"1 halfling master chef";"Chaos Dwarf";9;300;"bb2020"
"1 halfling master chef";"Chaos Dwarf";9;300;"bb2025"
"1 bribe";"Chaos Dwarf";10;100;"bb2020"
"1 bribe";"Chaos Dwarf";10;100;"bb2025"
"assistantCoaches";"Chaos Dwarf";11;10;"bb2020"
"assistantCoaches";"Chaos Dwarf";11;10;"bb2025"
"1 team mascot";"Chaos Dwarf";12;25;"bb2025"
"Star player Bomber Dribblesnot";"Chaos Dwarf";12;50;"bb2020"
"Star player H'Thark the Unstoppable";"Chaos Dwarf";13;300;"bb2020"
"Star player H'Thark the Unstoppable";"Chaos Dwarf";13;300;"bb2025"
"Star player Hakflem Skuttlespike";"Chaos Dwarf";14;210;"bb2020"
"Star player Hakflem Skuttlespike";"Chaos Dwarf";14;210;"bb2025"
"Star player Lord Borak the Despoiler";"Chaos Dwarf";15;260;"bb2020"
"Star player Lord Borak the Despoiler";"Chaos Dwarf";15;260;"bb2025"
"dedicated_fans";"Chaos Dwarf";20;5;"bb2025"
"Star player Bomber Dribblesnot";"Chaos Dwarf";21;50;"bb2025"
"Renegade Human Lineman";"Chaos Renegade";1;50;"bb2020"
"Renegade Human";"Chaos Renegade";1;50;"bb2025"
"Renegade Human Thrower";"Chaos Renegade";2;75;"bb2020"
"Renegade Human Thrower";"Chaos Renegade";2;75;"bb2025"
"Renegade Goblin";"Chaos Renegade";3;40;"bb2020"
"Renegade Goblin";"Chaos Renegade";3;40;"bb2025"
"Renegade Orc";"Chaos Renegade";4;50;"bb2020"
"Renegade Orc";"Chaos Renegade";4;50;"bb2025"
"Renegade Skaven";"Chaos Renegade";5;50;"bb2020"
"Renegade Skaven";"Chaos Renegade";5;50;"bb2025"
"Renegade Dark Elf";"Chaos Renegade";6;75;"bb2020"
"Renegade Dark Elf";"Chaos Renegade";6;75;"bb2025"
"Renegade Troll";"Chaos Renegade";7;115;"bb2020"
"Troll";"Chaos Renegade";7;115;"bb2025"
"Renegade Ogre";"Chaos Renegade";8;140;"bb2020"
"1 bloodweiser keg";"Chaos Renegade";8;50;"bb2020"
"Ogre";"Chaos Renegade";8;140;"bb2025"
"1 bloodweiser keg";"Chaos Renegade";8;50;"bb2025"
"Renegade Minotaur";"Chaos Renegade";9;150;"bb2020"
"Minotaur";"Chaos Renegade";9;150;"bb2025"
"Renegade Rat Ogre";"Chaos Renegade";10;150;"bb2020"
"Rat Ogre";"Chaos Renegade";10;150;"bb2025"
"Star player Akhorne the Squirrel";"Chaos Renegade";11;80;"bb2020"
"Star player Kreek Rustgouger";"Chaos Renegade";11;170;"bb2020"
"Star player Akhorne the Squirrel";"Chaos Renegade";11;80;"bb2025"
"Star player Kreek Rustgouger";"Chaos Renegade";11;170;"bb2025"
"Star player Hakflem Skuttlespike";"Chaos Renegade";12;210;"bb2020"
"Star player Hakflem Skuttlespike";"Chaos Renegade";12;210;"bb2025"
"Star player Lord Borak the Despoiler";"Chaos Renegade";13;260;"bb2020"
"Star player Lord Borak the Despoiler";"Chaos Renegade";13;260;"bb2025"
"Star player Scyla Anfingrimm";"Chaos Renegade";14;200;"bb2020"
"Star player Bilerot Vomitflesh";"Chaos Renegade";14;180;"bb2020"
"Star player Scyla Anfingrimm";"Chaos Renegade";14;200;"bb2025"
"Star player Bilerot Vomitflesh";"Chaos Renegade";14;180;"bb2025"
"apothecary";"Chaos Renegade";15;50;"bb2020"
"apothecary";"Chaos Renegade";15;50;"bb2025"
"rerolls";"Chaos Renegade";16;70;"bb2020"
"rerolls";"Chaos Renegade";16;70;"bb2025"
"assistantCoaches";"Chaos Renegade";17;10;"bb2020"
"assistantCoaches";"Chaos Renegade";17;10;"bb2025"
"1 bribe";"Chaos Renegade";18;100;"bb2020"
"1 bribe";"Chaos Renegade";18;100;"bb2025"
"cheerleaders";"Chaos Renegade";20;10;"bb2020"
"cheerleaders";"Chaos Renegade";20;10;"bb2025"
"Dark Elf Lineman";"Dark Elf";1;70;"bb2020"
"Dark Elf Lineman";"Dark Elf";1;70;"bb2025"
"Runner";"Dark Elf";2;80;"bb2020"
"Dark Elf Runner";"Dark Elf";2;80;"bb2025"
"Blitzer";"Dark Elf";3;100;"bb2020"
"Dark Elf Blitzer";"Dark Elf";3;100;"bb2025"
"Assassin";"Dark Elf";4;85;"bb2020"
"Dark Elf Assassin";"Dark Elf";4;85;"bb2025"
"Witch Elf";"Dark Elf";5;110;"bb2020"
"Witch Elf";"Dark Elf";5;110;"bb2025"
"apothecary";"Dark Elf";6;50;"bb2020"
"apothecary";"Dark Elf";6;50;"bb2025"
"rerolls";"Dark Elf";7;50;"bb2020"
"rerolls";"Dark Elf";7;50;"bb2025"
"assistantCoaches";"Dark Elf";9;10;"bb2020"
"assistantCoaches";"Dark Elf";9;10;"bb2025"
"1 bloodweiser keg";"Dark Elf";10;50;"bb2020"
"1 bloodweiser keg";"Dark Elf";10;50;"bb2025"
"1 bribe";"Dark Elf";11;100;"bb2020"
"1 bribe";"Dark Elf";11;100;"bb2025"
"1 team mascot";"Dark Elf";12;25;"bb2025"
"cheerleaders";"Dark Elf";20;10;"bb2020"
"cheerleaders";"Dark Elf";20;10;"bb2025"
"Dwarf Blocker Lineman";"Dwarf";1;70;"bb2020"
"Dwarf Lineman";"Dwarf";1;70;"bb2025"
"Dwarf Blocker Lineman";"Dwarf";1;70;"bb2025"
"Runner";"Dwarf";2;85;"bb2020"
"Dwarf Runner";"Dwarf";2;85;"bb2025"
"Blitzer";"Dwarf";3;80;"bb2020"
"Dwarf Blitzer";"Dwarf";3;80;"bb2025"
"Troll Slayer";"Dwarf";4;95;"bb2020"
"Troll Slayer";"Dwarf";4;95;"bb2025"
"Deathroller";"Dwarf";5;170;"bb2020"
"Deathroller";"Dwarf";5;170;"bb2025"
"rerolls";"Dwarf";6;50;"bb2020"
"rerolls";"Dwarf";6;60;"bb2025"
"apothecary";"Dwarf";7;50;"bb2020"
"apothecary";"Dwarf";7;50;"bb2025"
"assistantCoaches";"Dwarf";9;10;"bb2020"
"assistantCoaches";"Dwarf";9;10;"bb2025"
"1 bribe";"Dwarf";11;100;"bb2020"
"1 bloodweiser keg";"Dwarf";11;50;"bb2020"
"1 bribe";"Dwarf";11;100;"bb2025"
"1 bloodweiser keg";"Dwarf";11;50;"bb2025"
"Bribes";"Dwarf";11;50;"bb2025"
"1 halfling master chef";"Dwarf";12;300;"bb2020"
"1 halfling master chef";"Dwarf";12;300;"bb2025"
"2 bribes";"Dwarf";13;200;"bb2020"
"2 bribes";"Dwarf";13;100;"bb2025"
"1 team mascot";"Dwarf";14;25;"bb2025"
"Star player Mighty Zug";"Dwarf";14;220;"bb2020"
"Star player Karla Von Kill";"Dwarf";15;210;"bb2020"
"cheerleaders";"Dwarf";20;10;"bb2020"
"cheerleaders";"Dwarf";20;10;"bb2025"
"Star player Mighty Zug";"Dwarf";21;220;"bb2025"
"Star player Karla Von Kill";"Dwarf";22;210;"bb2025"
"Lineman";"Elven Union";1;60;"bb2020"
"Elf Lineman";"Elven Union";1;60;"bb2025"
"Thrower";"Elven Union";2;75;"bb2020"
"Elf Thrower";"Elven Union";2;75;"bb2025"
"Catcher";"Elven Union";3;100;"bb2020"
"Elf Catcher";"Elven Union";3;100;"bb2025"
"Blitzer";"Elven Union";4;115;"bb2020"
"Elf Blitzer";"Elven Union";4;115;"bb2025"
"Star player Eldril Sidewinder";"Elven Union";5;230;"bb2020"
"Star player Eldril Sidewinder";"Elven Union";5;230;"bb2025"
"rerolls";"Elven Union";6;50;"bb2020"
"rerolls";"Elven Union";6;50;"bb2025"
"assistantCoaches";"Elven Union";9;10;"bb2020"
"assistantCoaches";"Elven Union";9;10;"bb2025"
"1 bribe";"Elven Union";10;100;"bb2020"
"1 bribe";"Elven Union";10;100;"bb2025"
"apothecary";"Elven Union";11;50;"bb2020"
"apothecary";"Elven Union";11;50;"bb2025"
"Star player Roxanna Darknail";"Elven Union";12;270;"bb2020"
"cheerleaders";"Elven Union";20;10;"bb2020"
"cheerleaders";"Elven Union";20;10;"bb2025"
"Star player Lucien Swift";"Elven Union";21;300;"bb2025"
"Star player Valen Swift";"Elven Union";22;300;"bb2025"
"Star player Roxanna Darknail";"Elven Union";23;270;"bb2025"
"Gnome Lineman";"Gnome";1;40;"bb2020"
"Gnome Lineman";"Gnome";1;40;"bb2025"
"Gnome Illusionist";"Gnome";2;50;"bb2020"
"Gnome Illusionist";"Gnome";2;50;"bb2025"
"Gnome Beastmaster";"Gnome";3;55;"bb2020"
"Gnome Beastmaster";"Gnome";3;55;"bb2025"
"Woodland Fox";"Gnome";4;50;"bb2020"
"Woodland Fox";"Gnome";4;50;"bb2025"
"Altern Forest Treeman";"Gnome";5;120;"bb2020"
"Altern Forest Treeman";"Gnome";5;120;"bb2025"
"rerolls";"Gnome";7;50;"bb2020"
"rerolls";"Gnome";7;50;"bb2025"
"1 bloodweiser keg";"Gnome";8;50;"bb2020"
"1 bloodweiser keg";"Gnome";8;50;"bb2025"
"Star player Grombrindal";"Gnome";12;210;"bb2020"
"the White Dwarf";"Gnome";12;210;"bb2020"
"Star player Grombrindal";"Gnome";12;210;"bb2025"
"the White Dwarf";"Gnome";12;210;"bb2025"
"Star player Maple Highgrove";"Gnome";13;210;"bb2020"
"Star player Maple Highgrove";"Gnome";13;210;"bb2025"
"apothecary";"Gnome";15;50;"bb2020"
"apothecary";"Gnome";15;50;"bb2025"
"assistantCoaches";"Gnome";16;10;"bb2020"
"assistantCoaches";"Gnome";16;10;"bb2025"
"cheerleaders";"Gnome";17;10;"bb2020"
"cheerleaders";"Gnome";17;10;"bb2025"
"Star player Rumbelow Sheepskin";"Gnome";21;170;"bb2025"
"Goblin Lineman";"Goblin";1;40;"bb2020"
"Goblin Lineman";"Goblin";1;40;"bb2025"
"Bomma";"Goblin";2;45;"bb2020"
"Bomma";"Goblin";2;45;"bb2025"
"Looney";"Goblin";3;40;"bb2020"
"Looney";"Goblin";3;40;"bb2025"
"Fanatic";"Goblin";4;70;"bb2020"
"Fanatic";"Goblin";4;70;"bb2025"
"Pogoer";"Goblin";5;75;"bb2020"
"Pogoer";"Goblin";5;75;"bb2025"
"'Ooligan";"Goblin";6;65;"bb2020"
"'Ooligan";"Goblin";6;65;"bb2025"
"Doom Diver";"Goblin";7;60;"bb2020"
"Doom Diver";"Goblin";7;60;"bb2025"
"Trained Troll";"Goblin";8;115;"bb2020"
"Trained Troll";"Goblin";8;115;"bb2025"
"1 bribe";"Goblin";14;100;"bb2020"
"1 bribe";"Goblin";14;50;"bb2025"
"2 bribes";"Goblin";15;200;"bb2020"
"2 bribes";"Goblin";15;100;"bb2025"
"Star player Bomber Dribblesnot";"Goblin";16;50;"bb2020"
"3 bribes";"Goblin";16;150;"bb2020"
"3 bribes";"Goblin";16;150;"bb2025"
"Star player Crumbleberry";"Goblin";17;125;"bb2020"
"rerolls";"Goblin";17;60;"bb2020"
"rerolls";"Goblin";17;60;"bb2025"
"Star player Grak";"Goblin";18;125;"bb2020"
"assistantCoaches";"Goblin";18;10;"bb2020"
"Star player Grak";"Goblin";18;125;"bb2025"
"assistantCoaches";"Goblin";18;10;"bb2025"
"cheerleaders";"Goblin";18;10;"bb2025"
"1 biased referee";"Goblin";19;80;"bb2025"
"Star player Hakflem Skuttlespike";"Goblin";19;210;"bb2020"
"Star player Morg 'n' Thorg";"Goblin";19;380;"bb2020"
"Star player The Black Gobbo";"Goblin";19;225;"bb2020"
"Star player Varag Ghoul-Chewer";"Goblin";19;280;"bb2020"
"cheerleaders";"Goblin";19;10;"bb2020"
"Star player Glart Smashrip";"Goblin";20;195;"bb2020"
"1 halfling master chef";"Goblin";20;300;"bb2020"
"Star player Fungus the Loon";"Goblin";21;80;"bb2020"
"Star player Fungus the Loon";"Goblin";21;80;"bb2025"
"Star player The Black Gobbo";"Goblin";22;225;"bb2025"
"Star player Kreek Rustgouger";"Goblin";22;170;"bb2020"
"Star player Varag Ghoul-Chewer";"Goblin";23;280;"bb2025"
"Star player Bomber Dribblesnot";"Goblin";24;50;"bb2025"
"Star player Crumbleberry";"Goblin";25;125;"bb2025"
"Star player Hakflem Skuttlespike";"Goblin";26;210;"bb2025"
"Star player Glart Smashrip";"Goblin";27;195;"bb2025"
"1 halfling master chef";"Goblin";28;300;"bb2025"
"Star player Morg 'n' Thorg";"Goblin";29;380;"bb2025"
"Star player Kreek Rustgouger";"Goblin";30;170;"bb2025"
"Halfling Hopeful Lineman";"Halfling";1;30;"bb2020"
"Halfling Hopeful";"Halfling";1;30;"bb2025"
"Halfling Hefty";"Halfling";2;50;"bb2020"
"Halfling Hefty";"Halfling";2;50;"bb2025"
"Halfling Catcher";"Halfling";3;55;"bb2020"
"Halfling Catcher";"Halfling";3;55;"bb2025"
"Altern Forest Treeman";"Halfling";4;120;"bb2020"
"Altern Forest Treeman";"Halfling";4;120;"bb2025"
"1 halfling master chef";"Halfling";8;100;"bb2020"
"1 halfling master chef";"Halfling";8;100;"bb2025"
"HalflingMasterChef";"Halfling";8;100;"bb2025"
"rerolls";"Halfling";10;60;"bb2020"
"rerolls";"Halfling";10;60;"bb2025"
"1 bloodweiser keg";"Halfling";11;50;"bb2020"
"assistantCoaches";"Halfling";11;10;"bb2020"
"cheerleaders";"Halfling";11;10;"bb2020"
"BlitzerBestKeg";"Halfling";11;50;"bb2025"
"assistantCoaches";"Halfling";11;10;"bb2025"
"cheerleaders";"Halfling";11;10;"bb2025"
"TempAgencyCheerleaders";"Halfling";11;10;"bb2025"
"apothecary";"Halfling";12;50;"bb2020"
"apothecary";"Halfling";12;50;"bb2025"
"1 bribe";"Halfling";13;100;"bb2025"
"Star player Deeproot Strongbranch";"Halfling";13;280;"bb2020"
"Star player Grim Ironjaw";"Halfling";14;200;"bb2020"
"Star player Grombrindal";"Halfling";15;210;"bb2020"
"Star player Ivar Eriksson";"Halfling";16;245;"bb2020"
"Mercenary Merc Halfling Hopeful Lineman 1";"Halfling";17;60;"bb2020"
"Star player Karla Von Kill";"Halfling";17;210;"bb2020"
"Star player Rumbelow Sheepskin";"Halfling";18;170;"bb2020"
"the White Dwarf";"Halfling";19;210;"bb2020"
"Star player Griff Oberwald";"Halfling";20;280;"bb2020"
"Star player Griff Oberwald";"Halfling";20;280;"bb2025"
"Star player Morg 'n' Thorg";"Halfling";21;380;"bb2020"
"Star player Morg 'n' Thorg";"Halfling";21;380;"bb2025"
"Star player Rodney Roachbait";"Halfling";22;70;"bb2020"
"Star player Rodney Roachbait";"Halfling";22;70;"bb2025"
"Star player Deeproot Strongbranch";"Halfling";23;280;"bb2025"
"Star player Grim Ironjaw";"Halfling";24;200;"bb2025"
"Star player Grombrindal";"Halfling";25;210;"bb2025"
"Star player Ivar Eriksson";"Halfling";26;245;"bb2025"
"Mercenary Merc Halfling Hopeful Lineman 1";"Halfling";27;60;"bb2025"
"Star player Karla Von Kill";"Halfling";28;210;"bb2025"
"Star player Rumbelow Sheepskin";"Halfling";29;170;"bb2025"
"the White Dwarf";"Halfling";30;210;"bb2025"
"Lineman";"High Elf";1;70;"bb2020"
"Lineman";"High Elf";1;65;"bb2025"
"High Elf Lineman";"High Elf";1;65;"bb2025"
"Thrower";"High Elf";2;100;"bb2020"
"Thrower";"High Elf";2;90;"bb2025"
"Phoenix Warrior";"High Elf";2;90;"bb2025"
"Catcher";"High Elf";3;90;"bb2020"
"Catcher";"High Elf";3;110;"bb2025"
"White Lion";"High Elf";3;110;"bb2025"
"Blitzer";"High Elf";4;100;"bb2020"
"Blitzer";"High Elf";4;110;"bb2025"
"Dragon Prince";"High Elf";4;110;"bb2025"
"rerolls";"High Elf";6;50;"bb2020"
"rerolls";"High Elf";6;50;"bb2025"
"apothecary";"High Elf";7;50;"bb2020"
"apothecary";"High Elf";7;50;"bb2025"
"1 bribe";"High Elf";8;100;"bb2020"
"1 bribe";"High Elf";8;100;"bb2025"
"assistantCoaches";"High Elf";9;10;"bb2020"
"assistantCoaches";"High Elf";9;10;"bb2025"
"1 bloodweiser keg";"High Elf";10;50;"bb2020"
"1 bloodweiser keg";"High Elf";10;50;"bb2025"
"1 team mascot";"High Elf";11;25;"bb2025"
"cheerleaders";"High Elf";20;10;"bb2020"
"cheerleaders";"High Elf";20;10;"bb2025"
"Human Lineman";"Human";1;50;"bb2020"
"Human Lineman";"Human";1;50;"bb2025"
"Thrower";"Human";2;80;"bb2020"
"Human Thrower";"Human";2;80;"bb2025"
"Catcher";"Human";3;65;"bb2020"
"Human Catcher";"Human";3;65;"bb2025"
"Blitzer";"Human";4;85;"bb2020"
"Human Blitzer";"Human";4;85;"bb2025"
"Halfling Hopeful";"Human";5;30;"bb2020"
"Halfling Hopeful";"Human";5;30;"bb2025"
"Ogre";"Human";6;140;"bb2020"
"Ogre";"Human";6;140;"bb2025"
"rerolls";"Human";7;50;"bb2020"
"rerolls";"Human";7;50;"bb2025"
"1 bribe";"Human";8;100;"bb2020"
"1 bribe";"Human";8;100;"bb2025"
"1 bloodweiser keg";"Human";9;50;"bb2020"
"1 bloodweiser keg";"Human";9;50;"bb2025"
"Star player Grombrindal";"Human";10;210;"bb2020"
"apothecary";"Human";10;50;"bb2020"
"apothecary";"Human";10;50;"bb2025"
"Star player Mighty Zug";"Human";11;220;"bb2020"
"assistantCoaches";"Human";11;10;"bb2020"
"assistantCoaches";"Human";11;10;"bb2025"
"1 team mascot";"Human";12;25;"bb2025"
"Star player Skrorg Snowpelt";"Human";12;250;"bb2020"
"the White Dwarf";"Human";13;210;"bb2020"
"Star player Rumbelow Sheepskin";"Human";14;170;"bb2020"
"Star player Ivar Eriksson";"Human";15;245;"bb2020"
"cheerleaders";"Human";20;10;"bb2020"
"cheerleaders";"Human";20;10;"bb2025"
"Star player Grombrindal";"Human";21;210;"bb2025"
"Star player Mighty Zug";"Human";22;220;"bb2025"
"Star player Skrorg Snowpelt";"Human";23;250;"bb2025"
"the White Dwarf";"Human";24;210;"bb2025"
"Star player Rumbelow Sheepskin";"Human";25;170;"bb2025"
"Star player Ivar Eriksson";"Human";26;245;"bb2025"
"Imperial Retainer Lineman";"Imperial Nobility";1;45;"bb2020"
"Imperial Retainer";"Imperial Nobility";1;45;"bb2025"
"Imperial Thrower";"Imperial Nobility";2;75;"bb2020"
"Imperial Thrower";"Imperial Nobility";2;75;"bb2025"
"Noble Blitzer";"Imperial Nobility";3;105;"bb2020"
"Noble Blitzer";"Imperial Nobility";3;105;"bb2025"
"Bodyguard";"Imperial Nobility";4;90;"bb2020"
"Bodyguard";"Imperial Nobility";4;90;"bb2025"
"Ogre";"Imperial Nobility";5;140;"bb2020"
"Ogre";"Imperial Nobility";5;140;"bb2025"
"rerolls";"Imperial Nobility";6;70;"bb2020"
"rerolls";"Imperial Nobility";6;70;"bb2025"
"apothecary";"Imperial Nobility";7;50;"bb2020"
"apothecary";"Imperial Nobility";7;50;"bb2025"
"1 bribe";"Imperial Nobility";8;100;"bb2020"
"1 bribe";"Imperial Nobility";8;100;"bb2025"
"assistantCoaches";"Imperial Nobility";9;10;"bb2020"
"cheerleaders";"Imperial Nobility";9;10;"bb2020"
"assistantCoaches";"Imperial Nobility";9;10;"bb2025"
"cheerleaders";"Imperial Nobility";9;10;"bb2025"
"dedicated_fans";"Imperial Nobility";9;5;"bb2025"
"Star player Mighty Zug";"Imperial Nobility";10;220;"bb2020"
"Star player Mighty Zug";"Imperial Nobility";10;220;"bb2025"
"Star player Ivar Eriksson";"Imperial Nobility";12;245;"bb2020"
"Star player Ivar Eriksson";"Imperial Nobility";12;245;"bb2025"
"Bloodborn Marauder Lineman";"Khorne";1;50;"bb2020"
"Bloodborn Marauder";"Khorne";1;50;"bb2025"
"Khorngor";"Khorne";2;70;"bb2020"
"Khorngor";"Khorne";2;70;"bb2025"
"Bloodseeker";"Khorne";3;110;"bb2020"
"Bloodseeker";"Khorne";3;110;"bb2025"
"Bloodspawn";"Khorne";4;160;"bb2020"
"Bloodspawn";"Khorne";4;160;"bb2025"
"rerolls";"Khorne";5;60;"bb2020"
"rerolls";"Khorne";5;60;"bb2025"
"1 bribe";"Khorne";8;100;"bb2020"
"1 bribe";"Khorne";8;100;"bb2025"
"Star player Kreek Rustgouger";"Khorne";10;170;"bb2020"
"Star player Kreek Rustgouger";"Khorne";10;170;"bb2025"
"assistantCoaches";"Khorne";11;10;"bb2020"
"assistantCoaches";"Khorne";11;10;"bb2025"
"apothecary";"Khorne";12;50;"bb2020"
"apothecary";"Khorne";12;50;"bb2025"
"cheerleaders";"Khorne";20;10;"bb2020"
"cheerleaders";"Khorne";20;10;"bb2025"
"Skink Runner Lineman";"Lizardmen";1;60;"bb2020"
"Skink Lineman";"Lizardmen";1;60;"bb2025"
"Chameleon Skink";"Lizardmen";2;70;"bb2020"
"Chameleon Skink";"Lizardmen";2;70;"bb2025"
"Saurus Blocker";"Lizardmen";3;85;"bb2020"
"Saurus Blocker";"Lizardmen";3;85;"bb2025"
"Kroxigor";"Lizardmen";4;140;"bb2020"
"Kroxigor";"Lizardmen";4;140;"bb2025"
"rerolls";"Lizardmen";5;70;"bb2020"
"rerolls";"Lizardmen";5;70;"bb2025"
"apothecary";"Lizardmen";6;50;"bb2020"
"apothecary";"Lizardmen";6;50;"bb2025"
"1 bribe";"Lizardmen";7;100;"bb2020"
"1 bribe";"Lizardmen";7;100;"bb2025"
"assistantCoaches";"Lizardmen";9;10;"bb2020"
"assistantCoaches";"Lizardmen";9;10;"bb2025"
"cheerleaders";"Lizardmen";10;10;"bb2025"
"Star player Akhorne the Squirrel";"Lizardmen";11;80;"bb2020"
"TempAgencyCheerleaders";"Lizardmen";11;10;"bb2025"
"WeatherMage";"Lizardmen";12;25;"bb2025"
"1 team mascot";"Lizardmen";13;25;"bb2025"
"cheerleaders";"Lizardmen";20;10;"bb2020"
"Star player Akhorne the Squirrel";"Lizardmen";21;80;"bb2025"
"Zombie Lineman";"Necromantic Horror";1;40;"bb2020"
"Zombie Lineman";"Necromantic Horror";1;40;"bb2025"
"Ghoul Runner";"Necromantic Horror";2;75;"bb2020"
"Werewolf";"Necromantic Horror";2;125;"bb2020"
"Ghoul Runner";"Necromantic Horror";2;75;"bb2025"
"Werewolf";"Necromantic Horror";2;125;"bb2025"
"Wraith";"Necromantic Horror";3;95;"bb2020"
"Wraith";"Necromantic Horror";3;95;"bb2025"
"Flesh Golem";"Necromantic Horror";4;115;"bb2020"
"Flesh Golem";"Necromantic Horror";4;115;"bb2025"
"rerolls";"Necromantic Horror";5;70;"bb2020"
"rerolls";"Necromantic Horror";5;70;"bb2025"
"assistantCoaches";"Necromantic Horror";9;10;"bb2020"
"assistantCoaches";"Necromantic Horror";9;10;"bb2025"
"Star player Gretchen Wächter 'The Blood Bowl Widow'";"Necromantic Horror";11;260;"bb2020"
"Star player Gretchen Wächter 'The Blood Bowl Widow'";"Necromantic Horror";11;260;"bb2025"
"1 bribe";"Necromantic Horror";12;100;"bb2020"
"1 bribe";"Necromantic Horror";12;100;"bb2025"
"cheerleaders";"Necromantic Horror";20;10;"bb2020"
"cheerleaders";"Necromantic Horror";20;10;"bb2025"
"Norse Lineman";"Norse";1;50;"bb2020"
"Norse Raider Lineman";"Norse";1;50;"bb2020"
"Norse Raider";"Norse";1;50;"bb2025"
"Beer Boar";"Norse";2;20;"bb2020"
"Norse Thrower";"Norse";2;70;"bb2020"
"Beer Boar";"Norse";2;20;"bb2025"
"Norse Catcher";"Norse";3;90;"bb2020"
"Norse Berserker";"Norse";4;90;"bb2020"
"Norse Berserker";"Norse";4;90;"bb2025"
"Ulfwerener";"Norse";5;105;"bb2020"
"Valkyrie";"Norse";5;95;"bb2020"
"Ulfwerener";"Norse";5;105;"bb2025"
"Valkyrie";"Norse";5;95;"bb2025"
"Yhetee";"Norse";6;140;"bb2020"
"Yhetee";"Norse";6;140;"bb2025"
"rerolls";"Norse";7;60;"bb2020"
"rerolls";"Norse";7;60;"bb2025"
"apothecary";"Norse";9;50;"bb2020"
"apothecary";"Norse";9;50;"bb2025"
"1 bribe";"Norse";10;100;"bb2020"
"1 bribe";"Norse";10;100;"bb2025"
"Star player Deeproot Strongbranch";"Norse";11;280;"bb2020"
"Star player Deeproot Strongbranch";"Norse";11;280;"bb2025"
"Star player Griff Oberwald";"Norse";12;280;"bb2020"
"Star player Griff Oberwald";"Norse";12;280;"bb2025"
"Star player Ivar Eriksson";"Norse";13;245;"bb2020"
"Star player Ivar Eriksson";"Norse";13;245;"bb2025"
"Star player Mighty Zug";"Norse";14;220;"bb2020"
"Star player Mighty Zug";"Norse";14;220;"bb2025"
"Star player Skrorg Snowpelt";"Norse";15;250;"bb2020"
"Star player Skrorg Snowpelt";"Norse";15;250;"bb2025"
"Star player Zolcath the Zoat";"Norse";16;230;"bb2020"
"Star player Zolcath the Zoat";"Norse";16;230;"bb2025"
"Star player Lord Borak the Despoiler";"Norse";17;260;"bb2020"
"Star player Lord Borak the Despoiler";"Norse";17;260;"bb2025"
"assistantCoaches";"Norse";19;10;"bb2020"
"assistantCoaches";"Norse";19;10;"bb2025"
"cheerleaders";"Norse";20;10;"bb2020"
"cheerleaders";"Norse";20;10;"bb2025"
"Norse Lineman";"Norse Eurobowl 2022";1;50;"bb2020"
"Norse Thrower";"Norse Eurobowl 2022";2;70;"bb2020"
"Norse Catcher";"Norse Eurobowl 2022";3;90;"bb2020"
"Norse Bezerker";"Norse Eurobowl 2022";4;90;"bb2020"
"Ulfwerener";"Norse Eurobowl 2022";5;105;"bb2020"
"Yhettee";"Norse Eurobowl 2022";6;140;"bb2020"
"rerolls";"Norse Eurobowl 2022";7;60;"bb2020"
"Star player Deeproot Strongbranch";"Norse Eurobowl 2022";11;280;"bb2020"
"assistantCoaches";"Norse Eurobowl 2022";19;10;"bb2020"
"cheerleaders";"Norse Eurobowl 2022";20;10;"bb2020"
"Rotter Lineman";"Nurgle";1;35;"bb2020"
"Rotter Lineman";"Nurgle";1;35;"bb2025"
"Pestigor";"Nurgle";2;75;"bb2020"
"Pestigor";"Nurgle";2;75;"bb2025"
"Bloater";"Nurgle";3;115;"bb2020"
"Bloater";"Nurgle";3;115;"bb2025"
"Rotspawn";"Nurgle";4;140;"bb2020"
"Rotspawn";"Nurgle";4;140;"bb2025"
"rerolls";"Nurgle";5;70;"bb2020"
"rerolls";"Nurgle";5;70;"bb2025"
"1 bribe";"Nurgle";10;100;"bb2020"
"1 bribe";"Nurgle";10;100;"bb2025"
"assistantCoaches";"Nurgle";11;10;"bb2020"
"assistantCoaches";"Nurgle";11;10;"bb2025"
"cheerleaders";"Nurgle";12;10;"bb2020"
"cheerleaders";"Nurgle";12;10;"bb2025"
"1 team mascot";"Nurgle";13;25;"bb2025"
"BlitzerBestKeg";"Nurgle";16;50;"bb2025"
"Star player Glart Smashrip";"Nurgle";20;195;"bb2020"
"Star player Glart Smashrip";"Nurgle";20;195;"bb2025"
"Gnoblar Lineman";"Ogre";1;15;"bb2020"
"Gnoblar Lineman";"Ogre";1;15;"bb2025"
"Ogre Blocker";"Ogre";2;140;"bb2020"
"Ogre Blocker";"Ogre";2;140;"bb2025"
"Ogre Runt Punter";"Ogre";3;145;"bb2020"
"Ogre Runt Punter";"Ogre";3;145;"bb2025"
"Star player Mighty Zug";"Ogre";6;220;"bb2020"
"Star player Mighty Zug";"Ogre";6;220;"bb2025"
"assistantCoaches";"Ogre";9;10;"bb2020"
"assistantCoaches";"Ogre";9;10;"bb2025"
"rerolls";"Ogre";9;70;"bb2025"
"apothecary";"Ogre";10;50;"bb2025"
"Star player Griff Oberwald";"Ogre";11;280;"bb2020"
"Star player H'Thark the Unstoppable";"Ogre";12;300;"bb2020"
"Star player Griff Oberwald";"Ogre";21;280;"bb2025"
"Star player H'Thark the Unstoppable";"Ogre";22;300;"bb2025"
"Old World Human Lineman";"Old World Alliance";1;50;"bb2020"
"Human Lineman";"Old World Alliance";1;50;"bb2025"
"Old World Human Thrower";"Old World Alliance";2;80;"bb2020"
"Human Thrower";"Old World Alliance";2;80;"bb2025"
"Old World Human Catcher";"Old World Alliance";3;65;"bb2020"
"Human Catcher";"Old World Alliance";3;65;"bb2025"
"Old World Human Blitzer";"Old World Alliance";4;90;"bb2020"
"Human Blitzer";"Old World Alliance";4;90;"bb2025"
"Old World Dwarf Blocker";"Old World Alliance";5;75;"bb2020"
"Dwarf Lineman";"Old World Alliance";5;75;"bb2025"
"Old World Dwarf Runner";"Old World Alliance";6;85;"bb2020"
"Dwarf Runner";"Old World Alliance";6;85;"bb2025"
"Old World Dwarf Blitzer";"Old World Alliance";7;80;"bb2020"
"Dwarf Blitzer";"Old World Alliance";7;80;"bb2025"
"Old World Dwarf Troll Slayer";"Old World Alliance";8;95;"bb2020"
"Troll Slayer";"Old World Alliance";8;95;"bb2025"
"Old World Halfling Hopeful";"Old World Alliance";9;30;"bb2020"
"Halfling Hopeful";"Old World Alliance";9;30;"bb2025"
"Ogre";"Old World Alliance";10;140;"bb2020"
"Altern Forest Treeman";"Old World Alliance";10;120;"bb2020"
"Ogre";"Old World Alliance";10;140;"bb2025"
"Altern Forest Treeman";"Old World Alliance";10;120;"bb2025"
"Star player Deeproot Strongbranch";"Old World Alliance";11;280;"bb2020"
"Star player Deeproot Strongbranch";"Old World Alliance";11;280;"bb2025"
"Star player Mighty Zug";"Old World Alliance";12;220;"bb2020"
"Star player Mighty Zug";"Old World Alliance";12;220;"bb2025"
"Star player Griff Oberwald";"Old World Alliance";13;280;"bb2020"
"Star player Griff Oberwald";"Old World Alliance";13;280;"bb2025"
"Star player Karla Von Kill";"Old World Alliance";14;210;"bb2020"
"Star player Karla Von Kill";"Old World Alliance";14;210;"bb2025"
"Star player Akhorne the Squirrel";"Old World Alliance";15;80;"bb2020"
"Star player Akhorne the Squirrel";"Old World Alliance";15;80;"bb2025"
"Star player Grombrindal";"Old World Alliance";16;210;"bb2020"
"Star player Grombrindal";"Old World Alliance";16;210;"bb2025"
"Star player Ivar Eriksson";"Old World Alliance";17;245;"bb2020"
"Star player Ivar Eriksson";"Old World Alliance";17;245;"bb2025"
"Star player Skrorg Snowpelt";"Old World Alliance";18;250;"bb2020"
"Star player Skrorg Snowpelt";"Old World Alliance";18;250;"bb2025"
"the White Dwarf";"Old World Alliance";19;210;"bb2020"
"the White Dwarf";"Old World Alliance";19;210;"bb2025"
"rerolls";"Old World Alliance";20;70;"bb2020"
"rerolls";"Old World Alliance";20;70;"bb2025"
"assistantCoaches";"Old World Alliance";21;10;"bb2020"
"assistantCoaches";"Old World Alliance";21;10;"bb2025"
"cheerleaders";"Old World Alliance";22;10;"bb2020"
"cheerleaders";"Old World Alliance";22;10;"bb2025"
"dedicated_fans";"Old World Alliance";22;5;"bb2025"
"TempAgencyCheerleaders";"Old World Alliance";22;10;"bb2025"
"apothecary";"Old World Alliance";23;50;"bb2020"
"apothecary";"Old World Alliance";23;50;"bb2025"
"1 bribe";"Old World Alliance";24;100;"bb2020"
"2 bribes";"Old World Alliance";24;200;"bb2020"
"1 bribe";"Old World Alliance";24;100;"bb2025"
"2 bribes";"Old World Alliance";24;200;"bb2025"
"Orc Lineman";"Orc";1;50;"bb2020"
"Orc Lineman";"Orc";1;50;"bb2025"
"Thrower";"Orc";2;65;"bb2020"
"Orc Thrower";"Orc";2;65;"bb2025"
"Blitzer";"Orc";3;80;"bb2020"
"Orc Blitzer";"Orc";3;80;"bb2025"
"Big Un Blocker";"Orc";4;90;"bb2020"
"Big Un Blocker";"Orc";4;90;"bb2025"
"Goblin";"Orc";5;40;"bb2020"
"Goblin Lineman";"Orc";5;40;"bb2025"
"Untrained Troll";"Orc";6;115;"bb2020"
"Troll";"Orc";6;115;"bb2025"
"rerolls";"Orc";7;60;"bb2020"
"rerolls";"Orc";7;60;"bb2025"
"1 bloodweiser keg";"Orc";8;50;"bb2025"
"BlitzerBestKeg";"Orc";8;50;"bb2025"
"assistantCoaches";"Orc";9;10;"bb2020"
"assistantCoaches";"Orc";9;10;"bb2025"
"apothecary";"Orc";10;50;"bb2020"
"apothecary";"Orc";10;50;"bb2025"
"1 bribe";"Orc";11;100;"bb2020"
"1 bribe";"Orc";11;100;"bb2025"
"1 team mascot";"Orc";12;25;"bb2025"
"cheerleaders";"Orc";20;10;"bb2020"
"cheerleaders";"Orc";20;10;"bb2025"
"dedicated_fans";"Orc";20;5;"bb2025"
"Skeleton Lineman";"Shambling Undead";1;40;"bb2020"
"Skeleton Lineman";"Shambling Undead";1;40;"bb2025"
"Zombie Lineman";"Shambling Undead";2;40;"bb2020"
"Zombie Lineman";"Shambling Undead";2;40;"bb2025"
"Ghoul Runner";"Shambling Undead";3;75;"bb2020"
"Ghoul Runner";"Shambling Undead";3;75;"bb2025"
"Wight Blitzer";"Shambling Undead";4;90;"bb2020"
"Wight Blitzer";"Shambling Undead";4;90;"bb2025"
"Mummy";"Shambling Undead";5;125;"bb2020"
"Mummy";"Shambling Undead";5;125;"bb2025"
"rerolls";"Shambling Undead";6;70;"bb2020"
"rerolls";"Shambling Undead";6;70;"bb2025"
"assistantCoaches";"Shambling Undead";9;10;"bb2020"
"assistantCoaches";"Shambling Undead";9;10;"bb2025"
"TempAgencyCheerleaders";"Shambling Undead";9;5;"bb2025"
"PartTimeAssistanceCoaches";"Shambling Undead";9;10;"bb2025"
"1 bribe";"Shambling Undead";14;100;"bb2020"
"1 bribe";"Shambling Undead";14;100;"bb2025"
"Bribes";"Shambling Undead";14;100;"bb2025"
"1 bloodweiser keg";"Shambling Undead";15;50;"bb2020"
"BlitzerBestKeg";"Shambling Undead";15;50;"bb2025"
"1 team mascot";"Shambling Undead";16;25;"bb2025"
"cheerleaders";"Shambling Undead";20;10;"bb2020"
"cheerleaders";"Shambling Undead";20;10;"bb2025"
"Skaven Clanrat Lineman";"Skaven";1;50;"bb2020"
"Skaven Clanrat";"Skaven";1;50;"bb2025"
"Thrower";"Skaven";2;85;"bb2020"
"Skaven Thrower";"Skaven";2;85;"bb2025"
"Gutter Runner";"Skaven";3;85;"bb2020"
"Gutter Runner";"Skaven";3;85;"bb2025"
"Blitzer";"Skaven";4;90;"bb2020"
"Skaven Blitzer";"Skaven";4;90;"bb2025"
"Blitzer";"Skaven";4;90;"bb2025"
"Rat Ogre";"Skaven";5;150;"bb2020"
"Rat Ogre";"Skaven";5;150;"bb2025"
"rerolls";"Skaven";6;50;"bb2020"
"rerolls";"Skaven";6;50;"bb2025"
"Star player Glart Smashrip";"Skaven";7;195;"bb2020"
"Star player Glart Smashrip";"Skaven";7;195;"bb2025"
"Star player Kreek Rustgouger";"Skaven";8;170;"bb2020"
"Star player Kreek Rustgouger";"Skaven";8;170;"bb2025"
"1 bloodweiser keg";"Skaven";9;50;"bb2020"
"1 bloodweiser keg";"Skaven";9;50;"bb2025"
"apothecary";"Skaven";10;50;"bb2020"
"apothecary";"Skaven";10;50;"bb2025"
"assistantCoaches";"Skaven";11;10;"bb2020"
"assistantCoaches";"Skaven";11;10;"bb2025"
"Star player Hakflem Skuttlespike";"Skaven";12;210;"bb2020"
"Star player Hakflem Skuttlespike";"Skaven";12;210;"bb2025"
"1 bribe";"Skaven";13;100;"bb2020"
"1 bribe";"Skaven";13;100;"bb2025"
"cheerleaders";"Skaven";20;10;"bb2020"
"cheerleaders";"Skaven";20;10;"bb2025"
"dedicated_fans";"Skaven";20;5;"bb2025"
"TempAgencyCheerleaders";"Skaven";20;10;"bb2025"
"Lineman";"Slann";1;60;"bb2020"
"Lineman";"Slann";1;60;"bb2025"
"Catcher";"Slann";2;80;"bb2020"
"Catcher";"Slann";2;80;"bb2025"
"Blitzer";"Slann";3;110;"bb2020"
"Blitzer";"Slann";3;110;"bb2025"
"Kroxigor";"Slann";4;140;"bb2020"
"Kroxigor";"Slann";4;140;"bb2025"
"rerolls";"Slann";5;50;"bb2020"
"rerolls";"Slann";5;50;"bb2025"
"apothecary";"Slann";6;50;"bb2020"
"apothecary";"Slann";6;50;"bb2025"
"1 bribe";"Slann";7;100;"bb2020"
"1 bribe";"Slann";7;100;"bb2025"
"1 part-time assistant coach";"Slann";8;20;"bb2020"
"1 part-time assistant coach";"Slann";8;20;"bb2025"
"assistantCoaches";"Slann";9;10;"bb2020"
"assistantCoaches";"Slann";9;10;"bb2025"
"Star player Zolcath the Zoat";"Slann";20;230;"bb2020"
"Star player Zolcath the Zoat";"Slann";20;230;"bb2025"
"Lineman";"Slann 2025";1;60;"bb2025"
"Catcher";"Slann 2025";2;80;"bb2025"
"Blitzer";"Slann 2025";3;100;"bb2025"
"Kroxigor";"Slann 2025";4;140;"bb2025"
"rerolls";"Slann 2025";5;50;"bb2025"
"assistantCoaches";"Slann 2025";9;10;"bb2025"
"apothecary";"Slann 2025";10;50;"bb2025"
"Snotling Lineman";"Snotling";1;15;"bb2020"
"Snotling Lineman";"Snotling";1;15;"bb2025"
"Fungus Flinga";"Snotling";2;30;"bb2020"
"Fungus Flinga";"Snotling";2;30;"bb2025"
"Fun-hoppa";"Snotling";3;20;"bb2020"
"Fun-hoppa";"Snotling";3;20;"bb2025"
"Stilty Runna";"Snotling";4;20;"bb2020"
"Stilty Runna";"Snotling";4;20;"bb2025"
"Pump Wagon";"Snotling";5;105;"bb2020"
"Pump Wagon";"Snotling";5;105;"bb2025"
"Trained Troll";"Snotling";6;115;"bb2020"
"Trained Troll";"Snotling";6;115;"bb2025"
"rerolls";"Snotling";8;60;"bb2025"
"1 team mascot";"Snotling";9;25;"bb2025"
"rerolls";"Snotling";9;60;"bb2020"
"1 part-time assistant coach";"Snotling";10;20;"bb2020"
"assistantCoaches";"Snotling";10;10;"bb2020"
"1 part-time assistant coach";"Snotling";10;20;"bb2025"
"assistantCoaches";"Snotling";10;10;"bb2025"
"2 bribes";"Snotling";11;100;"bb2020"
"2 bribes";"Snotling";11;100;"bb2025"
"apothecary";"Snotling";12;50;"bb2025"
"1 biased referee";"Snotling";13;80;"bb2025"
"1 bribe";"Snotling";18;50;"bb2020"
"3 bribes";"Snotling";18;150;"bb2020"
"4 bribes";"Snotling";18;200;"bb2020"
"1 bribe";"Snotling";18;50;"bb2025"
"3 bribes";"Snotling";18;150;"bb2025"
"4 bribes";"Snotling";18;200;"bb2025"
"bribes";"Snotling";18;50;"bb2025"
"1 halfling master chef";"Snotling";19;300;"bb2020"
"1 halfling master chef";"Snotling";19;300;"bb2025"
"HalflingMasterChef";"Snotling";19;300;"bb2025"
"1 Riotous rookie";"Snotling";20;100;"bb2020"
"1 Riotous rookie";"Snotling";20;100;"bb2025"
"Star player Kreek Rustgouger";"Snotling";21;170;"bb2020"
"Star player Kreek Rustgouger";"Snotling";21;170;"bb2025"
"Star player Morg 'n' Thorg";"Snotling";22;380;"bb2020"
"Star player Morg 'n' Thorg";"Snotling";22;380;"bb2025"
"Star player Varag Ghoul-Chewer";"Snotling";23;280;"bb2020"
"Star player Varag Ghoul-Chewer";"Snotling";23;280;"bb2025"
"Star player Skitter Stab-Stab";"Snotling";24;150;"bb2020"
"Star player Skitter Stab-Stab";"Snotling";24;150;"bb2025"
"Star player Scrappa Sorehead";"Snotling";25;130;"bb2020"
"Star player Scrappa Sorehead";"Snotling";25;130;"bb2025"
"Star player Ripper Bolgrot";"Snotling";26;250;"bb2020"
"Star player Ripper Bolgrot";"Snotling";26;250;"bb2025"
"Star player Nobbla Blackwart";"Snotling";27;120;"bb2020"
"Star player Nobbla Blackwart";"Snotling";27;120;"bb2025"
"Star player Fungus the Loon";"Snotling";28;80;"bb2020"
"Star player Fungus the Loon";"Snotling";28;80;"bb2025"
"Star player Hakflem Skuttlespike";"Snotling";29;210;"bb2020"
"Star player Hakflem Skuttlespike";"Snotling";29;210;"bb2025"
"Star player Glart Smashrip";"Snotling";30;195;"bb2020"
"Star player Glart Smashrip";"Snotling";30;195;"bb2025"
"Skeleton Lineman";"Tomb Kings";1;40;"bb2020"
"Skeleton Lineman";"Tomb Kings";1;40;"bb2025"
"Anointed Thrower";"Tomb Kings";2;70;"bb2020"
"Tomb Kings Thrower";"Tomb Kings";2;70;"bb2025"
"Anointed Blitzer";"Tomb Kings";3;90;"bb2020"
"Tomb Kings Blitzer";"Tomb Kings";3;90;"bb2025"
"Tomb Guardian";"Tomb Kings";4;100;"bb2020"
"Tomb Guardian";"Tomb Kings";4;100;"bb2025"
"rerolls";"Tomb Kings";5;70;"bb2020"
"rerolls";"Tomb Kings";5;70;"bb2025"
"1 team mascot";"Tomb Kings";6;25;"bb2025"
"assistantCoaches";"Tomb Kings";9;10;"bb2020"
"assistantCoaches";"Tomb Kings";9;10;"bb2025"
"1 bribe";"Tomb Kings";11;100;"bb2020"
"1 bribe";"Tomb Kings";11;100;"bb2025"
"Star player Crumbleberry";"Tomb Kings";12;125;"bb2020"
"Star player Grak";"Tomb Kings";12;125;"bb2020"
"1 halfling master chef";"Tomb Kings";12;300;"bb2020"
"Star player Crumbleberry";"Tomb Kings";12;125;"bb2025"
"Star player Grak";"Tomb Kings";12;125;"bb2025"
"1 halfling master chef";"Tomb Kings";12;300;"bb2025"
"Star player Wilhelm Chaney";"Tomb Kings";14;220;"bb2020"
"Star player Wilhelm Chaney";"Tomb Kings";14;220;"bb2025"
"Star player Ivan 'The Animal' Deathshroud";"Tomb Kings";15;190;"bb2020"
"Star player Ivan 'The Animal' Deathshroud";"Tomb Kings";15;190;"bb2025"
"Star player Count Luthor von Drakenborg";"Tomb Kings";16;340;"bb2020"
"Star player Count Luthor von Drakenborg";"Tomb Kings";16;340;"bb2025"
"Star player Akhorne the Squirrel";"Tomb Kings";17;80;"bb2020"
"Star player Akhorne the Squirrel";"Tomb Kings";17;80;"bb2025"
"cheerleaders";"Tomb Kings";20;10;"bb2020"
"cheerleaders";"Tomb Kings";20;10;"bb2025"
"dedicated_fans";"Tomb Kings";20;5;"bb2025"
"Underworld Goblin Lineman";"Underworld Denizens";1;40;"bb2020"
"Goblin Lineman";"Underworld Denizens";1;40;"bb2025"
"Underworld Snotlings";"Underworld Denizens";2;15;"bb2020"
"Snotling Lineman";"Underworld Denizens";2;15;"bb2025"
"Skaven Clanrat";"Underworld Denizens";3;50;"bb2020"
"Skaven Clanrat";"Underworld Denizens";3;50;"bb2025"
"1 team mascot";"Underworld Denizens";3;25;"bb2025"
"Skaven Thrower";"Underworld Denizens";4;85;"bb2020"
"Skaven Thrower";"Underworld Denizens";4;85;"bb2025"
"Gutter Runner";"Underworld Denizens";5;85;"bb2020"
"Gutter Runner";"Underworld Denizens";5;85;"bb2025"
"Skaven Blitzer";"Underworld Denizens";6;90;"bb2020"
"Skaven Blitzer";"Underworld Denizens";6;90;"bb2025"
"Underworld Troll";"Underworld Denizens";7;115;"bb2020"
"Troll";"Underworld Denizens";7;115;"bb2025"
"Mutant Rat Ogre";"Underworld Denizens";8;150;"bb2020"
"Rat Ogre";"Underworld Denizens";8;150;"bb2025"
"rerolls";"Underworld Denizens";9;70;"bb2020"
"rerolls";"Underworld Denizens";9;70;"bb2025"
"Star player Glart Smashrip";"Underworld Denizens";10;195;"bb2020"
"Star player Kreek Rustgouger";"Underworld Denizens";11;170;"bb2020"
"HalflingMasterChef";"Underworld Denizens";11;300;"bb2025"
"Star player Morg 'n' Thorg";"Underworld Denizens";12;380;"bb2020"
"1 halfling master chef";"Underworld Denizens";12;300;"bb2025"
"Star player Hakflem Skuttlespike";"Underworld Denizens";13;210;"bb2020"
"Star player Varag Ghoul-Chewer";"Underworld Denizens";13;280;"bb2020"
"cheerleaders";"Underworld Denizens";13;10;"bb2025"
"apothecary";"Underworld Denizens";14;50;"bb2020"
"apothecary";"Underworld Denizens";14;50;"bb2025"
"assistantCoaches";"Underworld Denizens";15;10;"bb2020"
"assistantCoaches";"Underworld Denizens";15;10;"bb2025"
"1 biased referee";"Underworld Denizens";16;80;"bb2025"
"1 bloodweiser babe";"Underworld Denizens";17;50;"bb2020"
"1 bloodweiser keg";"Underworld Denizens";17;50;"bb2020"
"1 bloodweiser babe";"Underworld Denizens";17;50;"bb2025"
"1 bloodweiser keg";"Underworld Denizens";17;50;"bb2025"
"DodgyLeagueRep";"Underworld Denizens";17;80;"bb2025"
"2 bloodweiser kegs";"Underworld Denizens";18;100;"bb2020"
"2 bloodweiser kegs";"Underworld Denizens";18;100;"bb2025"
"1 bribe";"Underworld Denizens";19;50;"bb2020"
"1 bribe";"Underworld Denizens";19;50;"bb2025"
"dedicated_fans";"Underworld Denizens";19;5;"bb2025"
"Bribes";"Underworld Denizens";19;50;"bb2025"
"2 bribes";"Underworld Denizens";19;100;"bb2025"
"3 bribes";"Underworld Denizens";19;150;"bb2025"
"2 bribes";"Underworld Denizens";20;100;"bb2020"
"Star player Glart Smashrip";"Underworld Denizens";21;195;"bb2025"
"Star player Kreek Rustgouger";"Underworld Denizens";22;170;"bb2025"
"3 bribes";"Underworld Denizens";22;150;"bb2020"
"Star player Morg 'n' Thorg";"Underworld Denizens";23;380;"bb2025"
"1 halfling master chef";"Underworld Denizens";23;300;"bb2020"
"Star player Hakflem Skuttlespike";"Underworld Denizens";24;210;"bb2025"
"cheerleaders";"Underworld Denizens";24;10;"bb2020"
"Star player Varag Ghoul-Chewer";"Underworld Denizens";25;280;"bb2025"
"1 biased referee";"Underworld Denizens";25;80;"bb2020"
"Thrall Lineman";"Vampire";1;40;"bb2020"
"Thrall Lineman";"Vampire";1;40;"bb2025"
"Vampire Runner";"Vampire";2;100;"bb2020"
"Vampire Runner";"Vampire";2;100;"bb2025"
"Vampire Thrower";"Vampire";3;110;"bb2020"
"Vampire Thrower";"Vampire";3;110;"bb2025"
"Vampire Blitzer";"Vampire";4;110;"bb2020"
"Vampire Blitzer";"Vampire";4;110;"bb2025"
"Vargheist";"Vampire";5;150;"bb2020"
"Vargheist";"Vampire";5;150;"bb2025"
"rerolls";"Vampire";10;70;"bb2020"
"rerolls";"Vampire";10;70;"bb2025"
"apothecary";"Vampire";11;50;"bb2020"
"apothecary";"Vampire";11;50;"bb2025"
"1 bloodweiser keg";"Vampire";12;50;"bb2020"
"1 bloodweiser keg";"Vampire";12;50;"bb2025"
"1 bribe";"Vampire";13;100;"bb2020"
"1 bribe";"Vampire";13;100;"bb2025"
"assistantCoaches";"Vampire";14;10;"bb2020"
"assistantCoaches";"Vampire";14;10;"bb2025"
"cheerleaders";"Vampire";15;10;"bb2020"
"cheerleaders";"Vampire";15;10;"bb2025"
"Star player Wilhelm Chaney";"Vampire";20;220;"bb2020"
"Star player Wilhelm Chaney";"Vampire";20;220;"bb2025"
"Wood Elf Lineman";"Wood Elf";1;70;"bb2020"
"Wood Elf Lineman";"Wood Elf";1;70;"bb2025"
"Catcher";"Wood Elf";2;90;"bb2020"
"Thrower";"Wood Elf";2;95;"bb2020"
"Wood Elf Catcher";"Wood Elf";2;90;"bb2025"
"Wood Elf Thrower";"Wood Elf";2;95;"bb2025"
"Wardancer";"Wood Elf";4;125;"bb2020"
"Wardancer";"Wood Elf";4;125;"bb2025"
"Loren Forest Treeman";"Wood Elf";5;120;"bb2020"
"Loren Forest Treeman";"Wood Elf";5;120;"bb2025"
"rerolls";"Wood Elf";6;50;"bb2020"
"rerolls";"Wood Elf";6;50;"bb2025"
"apothecary";"Wood Elf";7;50;"bb2020"
"apothecary";"Wood Elf";7;50;"bb2025"
"1 bloodweiser keg";"Wood Elf";8;50;"bb2020"
"1 bribe";"Wood Elf";8;100;"bb2020"
"BlitzerBestKeg";"Wood Elf";8;50;"bb2025"
"1 bribe";"Wood Elf";8;100;"bb2025"
"assistantCoaches";"Wood Elf";9;10;"bb2020"
"assistantCoaches";"Wood Elf";9;10;"bb2025"
"DodgyLeagueRep";"Wood Elf";12;120;"bb2025"
"cheerleaders";"Wood Elf";20;10;"bb2020"
"cheerleaders";"Wood Elf";20;10;"bb2025"
"dedicated_fans";"Wood Elf";21;5;"bb2025"
"1 part-time assistant coach";;18;20;"bb2020"
"1 part-time assistant coach";;18;20;"bb2025"
"1 halfling master chef";;21;300;"bb2020"
"1 halfling master chef";;21;300;"bb2025"
